{
  "project_info": {
    "project_number": "YOUR_GOOGLE_PROJECT_NUMBER",
    "firebase_url": "YOUR_FIREBASE_URL",
    "project_id": "YOUR_GOOGLE_PROJECT_ID",
    "storage_bucket": "YOUR_STORAGE_BUCKET_HOST"
  },
  "client": [
    {
      "client_info": {
        "mobilesdk_app_id": "YOUR_MOBILE_SDK_APP_ID",
        "android_client_info": {
          "package_name": "com.ibm.mobilefirstplatform.clientsdk.android.push"
        }
      },
      "oauth_client": [
        {
          "client_id": "YOUR_OAUTH_CLIENT_ID",
          "client_type": 3
        }
      ],
      "api_key": [
        {
          "current_key": "YOUR_API_KEY"
        }
      ],
      "services": {
        "analytics_service": {
          "status": 1
        },
        "appinvite_service": {
          "status": 1,
          "other_platform_oauth_client": []
        },
        "ads_service": {
          "status": 2
        }
      }
    },
    {
      "client_info": {
        "mobilesdk_app_id": "YOUR_MOBILE_SDK_APP_ID",
        "android_client_info": {
          "package_name": "com.ibm.mysampleapp"
        }
      },
      "oauth_client": [
        {
          "client_id": "YOUR_OAUTH_CLIENT_ID",
          "client_type": 3
        }
      ],
      "api_key": [
        {
          "current_key": "YOUR_API_KEY"
        }
      ],
      "services": {
        "analytics_service": {
          "status": 1
        },
        "appinvite_service": {
          "status": 1,
          "other_platform_oauth_client": []
        },
        "ads_service": {
          "status": 2
        }
      }
    }
  ],
  "configuration_version": "1"
}